eplenmean,eprewmean,fps,loss/approxkl,loss/clipfrac,loss/policy_entropy,loss/policy_loss,loss/policy_loss_o,loss/value_loss,misc/explained_variance,misc/nupdates,misc/serial_timesteps,misc/time_elapsed,misc/total_timesteps
1000.0,-271.99413549999997,79,0.00802098,0.115234375,8.505674,-0.017844185,-0.07279785,0.29349598,-0.2878834009170532,1,2048,25.64246019399434,2048
1000.0,-272.9253255,222,0.015185885,0.2211914,8.5525875,-0.020564724,-0.014092898,0.073602274,-0.6847978830337524,2,4096,34.83548365099705,4096
1000.0,-277.422175,222,0.013330588,0.2008789,8.530632,-0.018880863,0.10969851,0.05620531,-0.00563204288482666,3,6144,44.03077141099493,6144
1000.0,-300.21390637499997,222,0.018189479,0.2411621,8.48946,-0.019668888,0.06601971,0.059188206,0.1865256428718567,4,8192,53.218606928989175,8192
1000.0,-305.09663759999995,223,0.015464375,0.21347657,8.465536,-0.0112862885,-0.013742447,0.036877938,-0.005247235298156738,5,10240,62.37924156698864,10240
1000.0,-310.5256995833333,222,0.016623367,0.21738282,8.457476,-0.015347132,-0.001551877,0.04826745,0.07479280233383179,6,12288,71.60161576999235,12288
1000.0,-318.1484951428571,223,0.014924261,0.21357422,8.466392,-0.017498784,0.026136776,0.02887412,0.15641629695892334,7,14336,80.76443787199969,14336
1000.0,-315.1857566875,223,0.022320747,0.30219728,8.483668,-0.017265204,2.1717593e-05,0.025531396,0.009932279586791992,8,16384,89.9172632379923,16384
1000.0,-322.3584136111111,222,0.01721521,0.23330078,8.440998,-0.011775209,0.013964528,0.04991353,0.22543108463287354,9,18432,99.13820358499652,18432
1000.0,-322.6011365,224,0.02061705,0.24379882,8.439055,-0.009514588,-0.023060936,0.021096785,0.2711578607559204,10,20480,108.27643875699141,20480
1000.0,-320.9811827272727,222,0.020392278,0.27270508,8.452172,-0.016655596,0.018115008,0.032821435,0.49924737215042114,11,22528,117.4697706559964,22528
1000.0,-317.4540739583333,224,0.01603585,0.21601562,8.396515,-0.012368008,-0.012738859,0.027640235,0.5376786291599274,12,24576,126.60831868299283,24576
1000.0,-314.7608333076923,222,0.017209189,0.22583008,8.361027,-0.0153210815,-0.011028755,0.021900572,0.4881383180618286,13,26624,135.794082065986,26624
1000.0,-305.5286153214286,222,0.019517107,0.25742188,8.3476,-0.020346321,-0.03762595,0.054327846,0.40191906690597534,14,28672,145.0088781039958,28672
1000.0,-302.70704673333336,225,0.017166758,0.24365234,8.395629,-0.019072024,-0.014975568,0.046699386,0.4477437734603882,15,30720,154.1038314569887,30720
1000.0,-303.88988959375,223,0.017376512,0.2241211,8.335768,-0.022688221,0.024089608,0.029858088,0.3537200689315796,16,32768,163.26244009198854,32768
1000.0,-302.2405477352941,223,0.01833104,0.25161132,8.301663,-0.020769361,0.024464983,0.027079165,0.33755648136138916,17,34816,172.4319731239957,34816
1000.0,-296.384248,223,0.020622086,0.26088867,8.310869,-0.019943614,0.040929183,0.04042499,0.5952872335910797,18,36864,181.59839780599577,36864
1000.0,-297.5638720526316,221,0.022542741,0.28847656,8.260161,-0.0151093155,-0.037946478,0.047561422,0.3286019563674927,19,38912,190.8300932909915,38912
1000.0,-297.10439222499997,223,0.020536657,0.2783203,8.235443,-0.018439893,0.023871403,0.035149533,0.6056000888347626,20,40960,199.97475362499245,40960
1000.0,-294.7120041395349,222,0.018572846,0.2652832,8.220247,-0.017466871,-0.014927785,0.04005976,0.011782228946685791,21,43008,209.1696505,43008
1000.0,-291.2289935111111,223,0.017728137,0.2506836,8.185882,-0.016967367,0.03166069,0.027517652,0.15602773427963257,22,45056,218.35033794899937,45056
1000.0,-293.1786701702128,223,0.018308815,0.25102538,8.163416,-0.022121213,-0.020053694,0.035171673,0.1885426640510559,23,47104,227.5109060449904,47104
1000.0,-292.185387877551,222,0.017536605,0.24287109,8.185411,-0.019927558,0.00329293,0.0336081,0.250357449054718,24,49152,236.72560126899043,49152
1000.0,-288.9756494705883,223,0.017042436,0.23964843,8.115541,-0.018946512,-0.026510462,0.019089878,0.23333102464675903,25,51200,245.90290171699598,51200
1000.0,-286.158741509434,223,0.019456202,0.2550293,8.088484,-0.02012626,0.0041837767,0.021081481,0.41014009714126587,26,53248,255.0472640999942,53248
1000.0,-285.67776985454543,223,0.019554347,0.27119142,8.126036,-0.013175698,0.009286923,0.033731695,0.4519859552383423,27,55296,264.2300116279948,55296
1000.0,-280.5392894736842,224,0.017073154,0.2352539,8.089261,-0.021318596,0.014789907,0.033573125,0.30389124155044556,28,57344,273.37338188599097,57344
1000.0,-278.226437,222,0.01932175,0.26503906,8.051321,-0.024793211,-0.008882459,0.02941067,0.32637256383895874,29,59392,282.5645558989927,59392
1000.0,-276.15384281967215,224,0.01793647,0.2583496,8.069185,-0.02522003,-0.026532535,0.050307345,0.310291588306427,30,61440,291.6711167579924,61440
1000.0,-274.5895945238095,223,0.019390905,0.27089843,8.015818,-0.024128545,0.032414623,0.03912687,0.47353595495224,31,63488,300.8308459719992,63488
1000.0,-270.03698344615384,222,0.018027272,0.24082032,7.981406,-0.019938404,-0.009054777,0.021381501,0.0862494707107544,32,65536,310.0251899839932,65536
1000.0,-268.1882582089552,224,0.021120835,0.28828126,8.051576,-0.014520268,-0.03578574,0.043281354,0.2219475507736206,33,67584,319.14937930299493,67584
1000.0,-263.5943926811593,222,0.021329839,0.27402344,7.9634476,-0.021545468,-0.0005618973,0.03212515,0.21077853441238403,34,69632,328.34201315199607,69632
1000.0,-259.3912576056337,224,0.019894887,0.2668457,7.9468246,-0.020573802,0.033867422,0.02335666,0.30968576669692993,35,71680,337.4858327059919,71680
1000.0,-255.47815831506847,223,0.019609647,0.26782227,7.9369764,-0.02375489,0.012424232,0.02892087,0.3422589898109436,36,73728,346.6446136359882,73728
1000.0,-253.04457238666666,222,0.015804008,0.22958985,7.9961305,-0.019670742,-0.0014141414,0.031290673,0.4158543348312378,37,75776,355.851179639998,75776
1000.0,-249.55003754545453,224,0.016303256,0.2359375,7.934945,-0.019301435,0.0067543364,0.02764742,0.16940820217132568,38,77824,364.9841686209984,77824
1000.0,-246.526886556962,223,0.01777884,0.24038085,7.915351,-0.020048467,-0.013798945,0.032314856,0.4616762399673462,39,79872,374.14031023198913,79872
1000.0,-242.13131151851854,223,0.01955262,0.24892578,7.841001,-0.025022095,0.009910355,0.029778201,0.34139740467071533,40,81920,383.3053964809951,81920
1000.0,-239.4446785903615,223,0.015946506,0.21923828,7.821125,-0.018914629,-0.00025475989,0.025150428,0.19754105806350708,41,83968,392.4626553220005,83968
1000.0,-233.49986850000002,223,0.01676397,0.24477538,7.8199196,-0.023605023,0.0076995296,0.020408714,0.10704576969146729,42,86016,401.6319179179991,86016
1000.0,-230.27562960227277,225,0.017096639,0.2378418,7.8180475,-0.023862952,-0.0066980817,0.023822127,0.4033738374710083,43,88064,410.72938532599073,88064
1000.0,-226.59761581111115,221,0.018071547,0.24077149,7.8297844,-0.021174284,-0.00430131,0.028696287,0.5830080807209015,44,90112,419.9962973299989,90112
1000.0,-222.59816728260878,219,0.018407954,0.24785157,7.839588,-0.0225087,-0.0046257945,0.03128259,0.3230963349342346,45,92160,429.31552801998623,92160
1000.0,-219.74444164893623,225,0.02261622,0.30693358,7.868304,-0.020502793,-0.012142651,0.025820887,0.29235655069351196,46,94208,438.40646405899315,94208
1000.0,-215.51515008333334,222,0.020446422,0.2667969,7.804863,-0.023556141,0.004702923,0.019040797,0.21796107292175293,47,96256,447.5940779349912,96256
1000.0,-212.09160602040816,224,0.021763733,0.27734375,7.747561,-0.024711678,-0.002483522,0.022523424,0.30306804180145264,48,98304,456.7305886039976,98304
1000.0,-208.59318453,223,0.019716624,0.25581056,7.723504,-0.018665377,-0.0066843657,0.017395299,0.1888304352760315,49,100352,465.89665534299274,100352
1000.0,-204.00270185999997,222,0.02079184,0.26240236,7.7084274,-0.01829378,-0.00015802546,0.01834405,0.256325900554657,50,102400,475.08934651099844,102400
1000.0,-198.79687528,225,0.021390775,0.28188476,7.769007,-0.018705042,-0.0043932265,0.01846334,0.28411948680877686,51,104448,484.1724252189888,104448
1000.0,-193.14982951,223,0.019896505,0.26796874,7.6635895,-0.020767048,-0.021863839,0.022928637,0.28029143810272217,52,106496,493.3518025849917,106496
1000.0,-188.42549013,223,0.017607598,0.25288087,7.661704,-0.023682494,-0.024429822,0.023399215,0.6224308609962463,53,108544,502.5342184899928,108544
1000.0,-181.73742196,222,0.019166766,0.25976562,7.557849,-0.022666933,-0.0020988341,0.02900755,0.3549320697784424,54,110592,511.7284883159882,110592
1000.0,-174.68371695999994,222,0.020282853,0.27026367,7.485111,-0.030870121,0.039465517,0.016915426,0.3689531087875366,55,112640,520.938060097993,112640
1000.0,-165.75802381999998,223,0.020274479,0.26845703,7.4782753,-0.027218562,-0.0051756995,0.022710243,0.3991536498069763,56,114688,530.0875373679883,114688
1000.0,-159.45003304,224,0.020977542,0.2566406,7.484954,-0.021276055,-0.003020693,0.019266414,0.14434051513671875,57,116736,539.1933905529877,116736
1000.0,-154.28059055000003,220,0.020155098,0.27236328,7.5034347,-0.016071338,-0.04747381,0.028632846,0.6131065785884857,58,118784,548.4623150549887,118784
1000.0,-146.57891049000003,222,0.025838632,0.31928712,7.5092163,-0.02347732,0.0051943813,0.021823052,0.2656312584877014,59,120832,557.6483418789867,120832
1000.0,-139.45558855,220,0.022482254,0.28876954,7.4506235,-0.026173677,0.02026037,0.020231554,0.32514506578445435,60,122880,566.9295411719941,122880
1000.0,-131.65983674,219,0.017281594,0.24716797,7.488672,-0.022841213,0.007981719,0.031358212,0.4984546899795532,61,124928,576.281117031991,124928
1000.0,-124.88200563999999,224,0.017750153,0.2456543,7.411357,-0.023587639,0.00804668,0.01975026,0.28470033407211304,62,126976,585.398928042996,126976
1000.0,-114.79376681,221,0.01770577,0.24091797,7.332199,-0.015636412,-0.0012468782,0.022163665,0.3230288028717041,63,129024,594.6397632839944,129024
1000.0,-106.02678193,221,0.020093963,0.26689452,7.3026443,-0.026654352,0.001948999,0.02758821,0.38163548707962036,64,131072,603.8841176149872,131072
1000.0,-97.82542776,223,0.01656083,0.23164062,7.3591805,-0.023553766,-0.015880715,0.02507571,0.5505021214485168,65,133120,613.0621945530002,133120
1000.0,-89.99906789999999,224,0.01849192,0.2668457,7.2611723,-0.022155017,0.00054536026,0.02201989,0.6917678415775299,66,135168,622.2059137759934,135168
1000.0,-82.86416871,220,0.019605089,0.27148438,7.274428,-0.025226587,0.020371135,0.037405334,0.722956657409668,67,137216,631.4978418049868,137216
1000.0,-73.48896923000001,219,0.017754529,0.23793945,7.2036743,-0.025203954,0.002816373,0.020355929,0.006054878234863281,68,139264,640.8429880309995,139264
1000.0,-64.84615446999999,223,0.019767094,0.27207032,7.1518617,-0.0278252,-0.01030173,0.01556175,0.016616523265838623,69,141312,649.989959404993,141312
1000.0,-53.9188235,224,0.023430675,0.3040039,7.170327,-0.018007468,0.02499029,0.020137714,0.24709588289260864,70,143360,659.1147781170002,143360
1000.0,-45.787185259999994,223,0.01948082,0.2572754,7.0762777,-0.028527731,-0.009485249,0.018948155,0.29362958669662476,71,145408,668.274396074994,145408
1000.0,-33.22688083,224,0.021153692,0.2850586,7.0568686,-0.022126172,-0.00018621336,0.021627862,0.28809404373168945,72,147456,677.3863302319951,147456
1000.0,-20.94773142,221,0.01792775,0.25136718,6.984497,-0.023586264,-0.004085156,0.019906517,0.13149476051330566,73,149504,686.6262193959992,149504
1000.0,-9.846062359999998,224,0.020995067,0.2783203,6.9543104,-0.02324107,0.0012721419,0.019440599,0.2835327386856079,74,151552,695.7594785989932,151552
1000.0,-0.014770059999997897,223,0.02023768,0.2828125,6.9099784,-0.025583887,-0.034801025,0.016169617,0.7547588497400284,75,153600,704.910747018992,153600
1000.0,11.85279851,222,0.02028239,0.26757812,6.845627,-0.021302035,0.031837873,0.020087468,0.30566900968551636,76,155648,714.1219303839898,155648
1000.0,23.04267625,224,0.02001473,0.27304688,6.8914933,-0.018521626,-0.008826548,0.023423297,0.40335410833358765,77,157696,723.2658051029866,157696
1000.0,34.429971619999996,222,0.019683737,0.25073242,6.7985754,-0.015568945,-0.0035851994,0.025204882,0.37786179780960083,78,159744,732.4863544089894,159744
1000.0,46.80825162,223,0.020570815,0.26997072,6.774943,-0.021147257,0.0011655659,0.022813812,0.5560883581638336,79,161792,741.6382673069893,161792
1000.0,58.010324309999994,223,0.021551084,0.28896484,6.8020372,-0.0214523,-0.008404556,0.02114236,0.08042305707931519,80,163840,750.8070953709976,163840
1000.0,69.0890108,223,0.018695798,0.25844726,6.75707,-0.018590901,0.0059123663,0.026082162,0.47868818044662476,81,165888,759.9696119379951,165888
1000.0,83.06768801999999,224,0.016512934,0.22905274,6.723263,-0.023789652,0.013327315,0.020501178,0.11915445327758789,82,167936,769.0980887589976,167936
1000.0,94.05676274000001,222,0.021851787,0.29501954,6.715946,-0.02570062,0.0020592264,0.022150021,0.3411773443222046,83,169984,778.2942394290003,169984
1000.0,104.33463771999999,223,0.024562065,0.30024415,6.6549582,-0.017997842,-0.071980596,0.03180061,0.9186108633875847,84,172032,787.4694954419974,172032
1000.0,116.63587011,223,0.019027105,0.25795898,6.6537805,-0.021873042,0.01953286,0.022341259,0.1722971796989441,85,174080,796.6323564529885,174080
1000.0,129.8210751,222,0.021013059,0.27202147,6.636351,-0.014962588,-0.0028269482,0.02081172,0.1135672926902771,86,176128,805.8294281790004,176128
1000.0,143.65029276,224,0.020180153,0.27441406,6.59396,-0.022251578,-0.0027980828,0.022107955,0.11540693044662476,87,178176,814.9657854449906,178176
1000.0,157.18180139000003,223,0.022591699,0.28081053,6.589326,-0.023547973,-0.020385709,0.023751354,0.2862917184829712,88,180224,824.1296965009969,180224
1000.0,169.16920962,222,0.022394681,0.28076172,6.522882,-0.021208316,0.0020323363,0.020234574,0.2636955976486206,89,182272,833.3245533109875,182272
1000.0,181.69962876999998,224,0.023584817,0.30732423,6.510479,-0.025415808,-0.015449141,0.020919774,0.040596961975097656,90,184320,842.4605175909965,184320
1000.0,194.89869335999995,222,0.019640474,0.27124023,6.45363,-0.023291508,0.006643566,0.021460006,0.13194453716278076,91,186368,851.6714725549973,186368
1000.0,209.71275122999995,223,0.02783825,0.30996093,6.408315,-0.022226721,-0.0025066654,0.02325432,0.18380987644195557,92,188416,860.8164564279869,188416
1000.0,222.59478769999998,223,0.025881473,0.32036132,6.4321694,-0.014499712,0.021626335,0.026185969,0.271198034286499,93,190464,869.9780234729988,190464
1000.0,236.33951369,222,0.020607458,0.27021486,6.375713,-0.019906148,0.0133832665,0.025387356,0.2803693413734436,94,192512,879.1797941839905,192512
1000.0,250.37124189000002,225,0.022316404,0.2972168,6.3714094,-0.019978644,-0.00038963664,0.024820847,0.23405426740646362,95,194560,888.2829641719873,194560
1000.0,264.36180270000006,222,0.019883763,0.2727539,6.3160896,-0.015462512,-0.0022985316,0.024560697,0.1249624490737915,96,196608,897.4775212609966,196608
1000.0,278.98382128000003,223,0.019744204,0.25639647,6.311551,-0.015937839,-0.0048480243,0.023170708,0.15270495414733887,97,198656,906.640274830992,198656
1000.0,292.88851729000004,217,0.021612633,0.27836913,6.242578,-0.020065922,-0.0017363245,0.02517638,0.263164222240448,98,200704,916.0752545759897,200704
1000.0,306.11564367000005,221,0.022102209,0.30356446,6.260139,-0.022783346,-0.0008452622,0.025066238,0.28039634227752686,99,202752,925.3161872519995,202752
1000.0,317.46660180000003,222,0.020631624,0.26401368,6.225558,-0.023922097,-0.025847662,0.022645144,0.7937313318252563,100,204800,934.5017194159882,204800
1000.0,330.68562157,223,0.02309944,0.29160157,6.163768,-0.023460096,0.0009850322,0.026561525,0.36467790603637695,101,206848,943.6691745559947,206848
1000.0,343.68786609999995,222,0.019555872,0.26850587,6.1335697,-0.026613018,-0.026159545,0.033470787,0.8743801712989807,102,208896,952.8790381289873,208896
1000.0,351.51603162999993,220,0.019570079,0.27026367,6.127932,-0.019584544,0.016630065,0.018003676,0.8561375290155411,103,210944,962.1708327529923,210944
1000.0,364.83052847,221,0.017686803,0.24228516,6.0921383,-0.020617623,-0.0074099535,0.022496957,0.250980019569397,104,212992,971.4075425439951,212992
1000.0,382.3931099100001,222,0.02130444,0.2895996,6.127508,-0.021234104,-0.0020336218,0.02782993,0.30252957344055176,105,215040,980.5961419819942,215040
1000.0,395.89932556,223,0.019503165,0.26376954,6.060048,-0.0191059,-0.003956885,0.019845646,0.2034737467765808,106,217088,989.7557706149964,217088
1000.0,410.43345082,221,0.018943537,0.24858399,6.0556555,-0.022082496,-0.0079100765,0.023610549,0.6433423757553101,107,219136,999.0122835689981,219136
1000.0,420.69190683,223,0.021750484,0.28471678,6.0457034,-0.02104899,0.0005830227,0.022070033,0.5803740918636322,108,221184,1008.1898228379869,221184
1000.0,433.60028953,221,0.02302221,0.29946288,6.0238323,-0.020726403,-0.00049770385,0.01963877,0.43716633319854736,109,223232,1017.4260436709883,223232
1000.0,439.41846343,222,0.023721103,0.29814452,6.0446634,-0.018475447,-0.085680574,0.01372768,0.9500371254980564,110,225280,1026.6425611429877,225280
1000.0,452.03077999,222,0.018476676,0.24345703,6.0198994,-0.017671982,0.04832748,0.023305755,0.3265875577926636,111,227328,1035.8536099299963,227328
1000.0,462.38496177,222,0.022690965,0.2776367,5.9848595,-0.021313284,0.0023617647,0.021009345,0.3116018772125244,112,229376,1045.075253455987,229376
1000.0,475.4960635100001,222,0.023522444,0.28642577,5.964214,-0.02163067,-0.0014111899,0.019848103,0.3858036398887634,113,231424,1054.2719371329877,231424
1000.0,487.49082603000005,222,0.023263676,0.3006836,5.9921336,-0.013014404,-0.007363605,0.022209216,0.38327527046203613,114,233472,1063.491980419989,233472
1000.0,498.48214005,222,0.024813607,0.3220703,5.947818,-0.013317446,0.0009936545,0.023666974,0.4317202568054199,115,235520,1072.7035478899925,235520
1000.0,510.70600154000005,222,0.020142857,0.28637695,5.936862,-0.024984755,-0.0034600287,0.024811817,0.4567180275917053,116,237568,1081.8957779129996,237568
1000.0,523.2220934000001,221,0.021090897,0.28203124,5.9010053,-0.02194814,-0.0043534683,0.022188928,0.24136954545974731,117,239616,1091.1316825369868,239616
1000.0,532.58055627,222,0.02140763,0.28164062,5.869851,-0.018918173,0.0011577138,0.022354033,0.5282886922359467,118,241664,1100.3205297639943,241664
1000.0,542.78467993,222,0.023604535,0.2953125,5.8710823,-0.021492772,-6.0154405e-05,0.023304438,0.4674898386001587,119,243712,1109.5287437139923,243712
1000.0,554.6841831500001,222,0.024224142,0.2944824,5.8485003,-0.022311736,-0.0056959824,0.025240397,0.48039960861206055,120,245760,1118.7505008209992,245760
1000.0,563.35163027,222,0.020635733,0.28081053,5.8613343,-0.01964159,-0.0035106172,0.024747686,0.3723366856575012,121,247808,1127.9476612699946,247808
1000.0,571.934487,221,0.019085338,0.26132813,5.826767,-0.025435269,-0.00017443667,0.02309095,0.49779272079467773,122,249856,1137.18376610399,249856
1000.0,580.6124281299999,223,0.020001201,0.26279297,5.8081717,-0.027342338,-0.007437171,0.022526134,0.5459200441837311,123,251904,1146.3681459910003,251904
1000.0,579.08733792,222,0.026889428,0.33085936,5.803849,-0.021098716,-0.088049136,0.016781956,0.9456597976386547,124,253952,1155.5855510629917,253952
1000.0,592.4506742199999,221,0.021923715,0.2794922,5.7944436,-0.020304747,0.036543127,0.027223652,0.196444571018219,125,256000,1164.8432328059862,256000
1000.0,601.8104973100001,222,0.027393783,0.34350586,5.8148265,-0.01629303,0.0010868957,0.020479826,0.4143199920654297,126,258048,1174.035320199997,258048
1000.0,611.1118662800001,221,0.019111138,0.2694336,5.7669168,-0.01768348,0.0013274277,0.021942873,0.5089906454086304,127,260096,1183.2773884209892,260096
1000.0,620.2455602699999,223,0.020373043,0.2697754,5.7411337,-0.019539388,0.0042279093,0.020788908,0.16807281970977783,128,262144,1192.4306638499984,262144
1000.0,627.74725001,222,0.020394363,0.26791993,5.722524,-0.021971565,-0.0048877075,0.023557995,0.5170276761054993,129,264192,1201.6198822519946,264192
1000.0,633.8395603499998,222,0.0235173,0.3027832,5.7556877,-0.024806837,0.0028078156,0.022469563,0.5992096066474915,130,266240,1210.8455435879878,266240
1000.0,641.0635487300001,222,0.020935312,0.2776367,5.714148,-0.016574819,-0.006333647,0.020733235,0.14626938104629517,131,268288,1220.0461279249866,268288
1000.0,650.4304596099998,222,0.023232622,0.30327147,5.697383,-0.02644236,-0.025101071,0.021278461,0.5247395932674408,132,270336,1229.2718587699928,270336
1000.0,664.48642608,222,0.019601358,0.2755371,5.6584105,-0.021374775,0.020136872,0.022961965,0.5620469450950623,133,272384,1238.4669205099926,272384
1000.0,670.11699856,222,0.021141263,0.2770996,5.666678,-0.019939931,-0.007465386,0.020981647,0.05605447292327881,134,274432,1247.6628574539936,274432
1000.0,677.3179432599999,215,0.019765273,0.270166,5.6293,-0.018930405,-0.0029397625,0.020711921,0.35957324504852295,135,276480,1257.1736877069925,276480
1000.0,682.2302691099999,217,0.021279827,0.28320312,5.617508,-0.018348044,0.021316355,0.02104074,0.24633121490478516,136,278528,1266.5800877989968,278528
1000.0,688.6620399899999,217,0.020153388,0.2767578,5.6485376,-0.02372069,-0.00028509978,0.020708162,0.42297810316085815,137,280576,1275.9999922289862,280576
1000.0,697.4599441,216,0.020847943,0.26591796,5.6105127,-0.019742593,-0.006639355,0.021418082,0.16365277767181396,138,282624,1285.4782068439963,282624
1000.0,706.38332901,217,0.021468468,0.2836426,5.592265,-0.015666617,0.008990837,0.020041514,0.11107277870178223,139,284672,1294.8890137099952,284672
1000.0,712.49767278,216,0.021161677,0.28120118,5.572421,-0.019442564,-0.01221777,0.021847656,0.2983878254890442,140,286720,1304.331637727999,286720
1000.0,718.7966843099998,215,0.020575956,0.2667969,5.5462656,-0.02210262,-0.010688651,0.02235503,0.2163071632385254,141,288768,1313.8503136609943,288768
1000.0,726.00671451,217,0.022090264,0.29584962,5.5691824,-0.019073468,0.004577384,0.024402829,0.2907031178474426,142,290816,1323.2705117549922,290816
1000.0,731.1290259900001,215,0.02172858,0.29467773,5.5111938,-0.01389868,-0.0011499895,0.020478614,0.2221696376800537,143,292864,1332.7576105609915,292864
1000.0,738.1240890600001,216,0.020856012,0.27626953,5.471816,-0.019442672,0.0065046186,0.021815361,0.19044065475463867,144,294912,1342.1969996589905,294912
1000.0,743.95261923,217,0.024155475,0.31289062,5.52614,-0.011026133,-0.0026170006,0.02311487,0.3265990614891052,145,296960,1351.6226587749989,296960
1000.0,750.7346065300001,215,0.021541145,0.27285156,5.4355383,-0.023789482,0.0015885311,0.031342383,0.47926223278045654,146,299008,1361.1128155479964,299008
1000.0,757.1678101599999,217,0.020786652,0.27490234,5.4229927,-0.013624268,0.0002788228,0.022433404,0.36351168155670166,147,301056,1370.5251768399903,301056
1000.0,764.41805389,216,0.020420086,0.2696289,5.4132223,-0.019642826,-0.0050048595,0.021144144,0.33031249046325684,148,303104,1379.980082717986,303104
1000.0,772.7652683399999,214,0.021104869,0.27124023,5.410916,-0.018990755,-0.0062850057,0.021901049,0.2977500557899475,149,305152,1389.5168845549924,305152
1000.0,778.9839653,217,0.021638012,0.28828126,5.414049,-0.02393517,0.0058949743,0.023273194,0.270376980304718,150,307200,1398.9389471599861,307200
1000.0,793.53948681,215,0.025690665,0.3284668,5.5184946,-0.018834699,-0.02435648,0.024680965,0.5640951693058014,151,309248,1408.4266678399872,309248
1000.0,798.0000971900001,216,0.021941822,0.28686523,5.4028783,-0.018512795,0.011146285,0.022798885,0.4914376735687256,152,311296,1417.8953015570005,311296
1000.0,805.2848768800001,217,0.023232887,0.26967773,5.4067626,-0.0175944,-0.008710181,0.02128128,0.2512902617454529,153,313344,1427.3047478129884,313344
1000.0,812.1761012699999,215,0.021587435,0.29316407,5.515399,-0.015499366,-0.005872106,0.020463713,0.2706669569015503,154,315392,1436.8209885359975,315392
1000.0,817.3892431900001,217,0.01937114,0.26245117,5.442546,-0.017272938,-0.0037238826,0.019906843,0.22283220291137695,155,317440,1446.2329066819948,317440
1000.0,824.4227842599998,217,0.023045097,0.30908203,5.479322,-0.01935771,-0.0016784389,0.021258693,0.3661307692527771,156,319488,1455.6332455509983,319488
1000.0,830.5907245800001,215,0.021699412,0.29697266,5.4713044,-0.01852554,-0.014580448,0.022308273,0.4007086753845215,157,321536,1465.1285437769984,321536
1000.0,837.0564018300001,217,0.02509419,0.31450194,5.4542747,-0.021408949,0.00096353795,0.020807993,0.4036142826080322,158,323584,1474.5383437499986,323584
1000.0,848.60571599,217,0.024027854,0.3157715,5.4213877,-0.017592456,-0.008624332,0.020200185,0.29138946533203125,159,325632,1483.9760741789942,325632
1000.0,854.1801948000002,215,0.026940715,0.3310547,5.4224324,-0.011246562,0.0076628984,0.020755542,0.2177140712738037,160,327680,1493.4631621349981,327680
1000.0,860.5336473100002,216,0.023069264,0.28046876,5.3968353,-0.011933409,-0.00012257605,0.02222111,0.15699267387390137,161,329728,1502.904078157997,329728
1000.0,864.1397053800001,215,0.020927655,0.28085938,5.4092116,-0.018763116,-0.0042140544,0.021011185,0.34886622428894043,162,331776,1512.3971285789885,331776
1000.0,869.4848142799998,217,0.020860802,0.2824219,5.3819814,-0.02306215,0.011966838,0.020938296,0.36712729930877686,163,333824,1521.8095351739903,333824
1000.0,875.512974,217,0.019448915,0.26879883,5.3967333,-0.019392889,-0.00056834007,0.019698355,0.29780346155166626,164,335872,1531.2225327989872,335872
1000.0,880.7462881700002,215,0.024341125,0.30429688,5.358224,-0.020003151,-0.003078098,0.01924753,0.23945128917694092,165,337920,1540.728052292994,337920
1000.0,885.80671123,218,0.02502866,0.31069335,5.3651443,-0.015244137,-0.0018475201,0.019746056,0.1808801293373108,166,339968,1550.122352884995,339968
1000.0,894.9805804599999,217,0.021757003,0.29716796,5.3396726,-0.018477123,0.0069515994,0.029142817,0.22078782320022583,167,342016,1559.5599065849965,342016
1000.0,900.9020961800002,215,0.020350274,0.2583496,5.2857084,-0.023116417,-0.002712957,0.02079809,0.38351356983184814,168,344064,1569.0571824809886,344064
1000.0,906.88179501,218,0.01996715,0.2680664,5.358921,-0.014901148,0.0010728113,0.01963513,0.3690170645713806,169,346112,1578.433309807995,346112
1000.0,911.3596151200001,216,0.018291084,0.25395507,5.2997165,-0.015522334,-0.0050383913,0.02121805,0.4769495725631714,170,348160,1587.9062789839954,348160
1000.0,917.9396050600001,216,0.020832814,0.27856445,5.2752347,-0.018817415,-0.004268812,0.021031644,0.15576493740081787,171,350208,1597.3519520359987,350208
1000.0,923.36630567,217,0.022685606,0.30253905,5.254901,-0.018878493,0.004634925,0.02105909,0.24431931972503662,172,352256,1606.7718097670004,352256
1000.0,940.84481658,215,0.019108705,0.25385743,5.259256,-0.023121092,-0.000104853105,0.02216042,0.46931928396224976,173,354304,1616.2775911749923,354304
1000.0,944.4751952800001,218,0.018160693,0.25820312,5.2315135,-0.019662172,-0.006058982,0.021980716,0.19971352815628052,174,356352,1625.6564956479997,356352
1000.0,949.0300751000001,217,0.01711278,0.23686524,5.2349753,-0.020710569,-0.008691005,0.023567993,0.5191901624202728,175,358400,1635.0916308549931,358400
1000.0,953.69166281,215,0.02112293,0.29018554,5.2187977,-0.020819824,0.0076066023,0.02304542,0.3276851773262024,176,360448,1644.5939496599894,360448
1000.0,959.3730509600001,218,0.017191272,0.24487305,5.2034116,-0.014801314,-0.0011171962,0.023094635,0.11538916826248169,177,362496,1653.972311038,362496
1000.0,966.30120743,217,0.019963805,0.27216798,5.2210703,-0.023889758,-0.01408527,0.025541866,0.5694628953933716,178,364544,1663.3776826689864,364544
1000.0,970.5596018199999,217,0.021405695,0.29033202,5.1994753,-0.025161123,0.012864964,0.021723755,0.28777724504470825,179,366592,1672.809419704994,366592
1000.0,973.5408658899998,216,0.024184618,0.30214843,5.184544,-0.020057712,0.005158131,0.022486856,0.27923792600631714,180,368640,1682.252773987988,368640
1000.0,975.5830163500001,215,0.022121476,0.28383788,5.1599617,-0.020004315,-0.020897556,0.021199899,0.5261492133140564,181,370688,1691.7534401889861,370688
1000.0,980.8111359800002,218,0.025505457,0.32543945,5.162818,-0.016324082,0.0097288955,0.022107463,0.4674237370491028,182,372736,1701.1451698589954,372736
1000.0,985.7993621700001,218,0.02366186,0.3137207,5.134959,-0.017922686,-0.0047480473,0.022424549,0.3078339695930481,183,374784,1710.5169165569969,374784
1000.0,990.4686037199999,215,0.020457473,0.26811522,5.121309,-0.019861493,-0.005193729,0.022950098,0.3109722137451172,184,376832,1720.0301089619898,376832
1000.0,995.5583269399999,217,0.020723581,0.28720704,5.123649,-0.020666854,-0.0065466575,0.022934869,0.35913360118865967,185,378880,1729.4523761299934,378880
1000.0,1001.4027213500001,217,0.019182242,0.253125,5.0988584,-0.017823568,0.0015418886,0.021665987,0.1654999852180481,186,380928,1738.8728404349968,380928
1000.0,1002.4963964500001,216,0.019868275,0.26914063,5.1220083,-0.019944243,-0.008722854,0.024301514,0.5159316956996918,187,382976,1748.3430589069903,382976
1000.0,1007.0577031700002,218,0.020538442,0.28105468,5.0875216,-0.01569958,0.0034881034,0.0274341,0.13202792406082153,188,385024,1757.7256523319957,385024
1000.0,1011.14575395,216,0.021723595,0.28476563,5.0566897,-0.019932892,-0.0012918704,0.022006424,0.30024367570877075,189,387072,1767.1924311579933,387072
1000.0,1014.5580747099998,217,0.02006809,0.26655275,5.070077,-0.02391006,-0.008945231,0.019152174,0.2678534984588623,190,389120,1776.6066613009898,389120
1000.0,1018.19211992,217,0.01904006,0.2557617,5.0230703,-0.023444321,-0.015531585,0.022631334,0.5856404900550842,191,391168,1786.0108618999948,391168
1000.0,1019.47462938,215,0.0182674,0.24711914,5.018878,-0.014236647,0.006615038,0.021980707,0.23443615436553955,192,393216,1795.5208327099972,393216
1000.0,1023.4353102199999,216,0.016946534,0.23950195,5.005373,-0.020956647,-0.0006130644,0.022119079,0.3998175859451294,193,395264,1804.9789578619966,395264
1000.0,1028.3415300699999,216,0.02205698,0.2992676,5.0296874,-0.022171963,-0.007940282,0.022493744,0.2953449487686157,194,397312,1814.4539723069902,397312
1000.0,1032.3237958399998,213,0.01584241,0.22875977,4.970017,-0.018431269,-0.0003458857,0.022761153,0.2849416136741638,195,399360,1824.0268488329893,399360
1000.0,1036.17788756,213,0.01753269,0.23999023,4.9499345,-0.016832467,-0.009637805,0.022433262,0.40864330530166626,196,401408,1833.601411081996,401408
1000.0,1038.73541722,205,0.01707509,0.23793945,4.962065,-0.019582111,0.0010898623,0.021979254,0.43412965536117554,197,403456,1843.5538895770005,403456
1000.0,1043.06996973,204,0.021781417,0.29853517,4.998908,-0.015857376,-0.005755247,0.023258125,0.0396953821182251,198,405504,1853.5561281789996,405504
1000.0,1045.69844118,206,0.02094094,0.28271484,4.972721,-0.020193461,0.006829423,0.0229049,0.26087814569473267,199,407552,1863.481172904998,407552
1000.0,1049.5616513799998,216,0.020232864,0.27363282,4.975697,-0.018635677,-0.0047041164,0.021713208,0.126972496509552,200,409600,1872.9602661669924,409600
1000.0,1054.3043650399998,217,0.02180081,0.2772461,4.935076,-0.019783592,-0.005006742,0.02137957,0.1806659698486328,201,411648,1882.3713115309947,411648
1000.0,1056.46928845,217,0.019613389,0.25722656,4.9485493,-0.020777011,-0.0046424875,0.02059664,0.12666767835617065,202,413696,1891.7896382929903,413696
1000.0,1061.1626163100002,215,0.021545382,0.29052734,4.909309,-0.019417439,0.0018131344,0.02165238,0.05878251791000366,203,415744,1901.273425989988,415744
1000.0,1066.22938969,217,0.021478347,0.27998048,4.8966074,-0.018939536,-0.0042617577,0.022761421,0.30338335037231445,204,417792,1910.7054785029904,417792
1000.0,1069.00269228,212,0.023952156,0.3058594,4.8956766,-0.015830468,0.011855332,0.02133035,0.3490303158760071,205,419840,1920.3393627729965,419840
1000.0,1073.4524231300002,215,0.020955373,0.2866211,4.8741474,-0.019579727,-0.004364264,0.02157591,0.12992364168167114,206,421888,1929.8363518579863,421888
1000.0,1077.8892306300002,217,0.01853237,0.25551757,4.841963,-0.02115828,0.0047420776,0.022881666,0.32695436477661133,207,423936,1939.2330750999972,423936
1000.0,1082.55570034,216,0.022279432,0.29067382,4.8495035,-0.015718902,-0.0019087929,0.02217266,0.038974881172180176,208,425984,1948.6841798589885,425984
1000.0,1088.7024335,216,0.019906703,0.2833496,4.822571,-0.016690413,-0.0032569512,0.029148465,0.12750375270843506,209,428032,1958.1463275519927,428032
1000.0,1093.05315659,217,0.019213684,0.26166993,4.837534,-0.018998198,-0.003935221,0.021234836,0.0870937705039978,210,430080,1967.575319851996,430080
1000.0,1097.29646768,215,0.017879156,0.24541016,4.8352,-0.015224574,0.005371245,0.02229074,0.23258107900619507,211,432128,1977.0890293339908,432128
1000.0,1099.92829413,217,0.016333507,0.22416992,4.8229876,-0.021016512,-0.009844383,0.02267505,0.467473566532135,212,434176,1986.5065321879956,434176
1000.0,1105.6548003,217,0.020880725,0.2661621,4.8301196,-0.016040444,0.0063592657,0.022526924,0.26290178298950195,213,436224,1995.9152480099874,436224
1000.0,1108.98136866,216,0.019414468,0.25556642,4.8240137,-0.015655847,0.00079136324,0.023069162,0.24384087324142456,214,438272,2005.3658086099895,438272
1000.0,1112.32403688,218,0.01946791,0.27163085,4.825311,-0.01816175,-0.00061157736,0.02245177,0.25360190868377686,215,440320,2014.7424487569951,440320
1000.0,1114.83057825,219,0.020261671,0.2803711,4.7862916,-0.02001365,0.0028361657,0.021226306,0.37991541624069214,216,442368,2024.05720934899,442368
1000.0,1116.4918802,219,0.022288235,0.29008788,4.7535963,-0.019393386,-0.00381994,0.022308271,0.08160853385925293,217,444416,2033.4046169179928,444416
1000.0,1120.30846279,220,0.017733706,0.23706055,4.7342963,-0.017428111,0.008745094,0.0227307,0.16572946310043335,218,446464,2042.693124115991,446464
1000.0,1124.02564355,219,0.019535413,0.2649414,4.724221,-0.017225243,-0.0009766141,0.021525774,0.187636137008667,219,448512,2052.0287664239877,448512
1000.0,1126.7942773900002,220,0.019540625,0.253125,4.729477,-0.016396226,-0.0037219166,0.021848714,0.21703124046325684,220,450560,2061.3108936849894,450560
1000.0,1128.74979603,219,0.018696167,0.25810546,4.7363844,-0.016758692,-0.0082707675,0.021177806,0.2787500023841858,221,452608,2070.6217956170003,452608
1000.0,1131.95190694,218,0.019971576,0.26401368,4.7530527,-0.014989215,-0.0076125674,0.022429299,0.4702257513999939,222,454656,2080.010907663993,454656
1000.0,1134.7217101600002,220,0.02129822,0.2951172,4.7778177,-0.024913456,0.0022191366,0.020393183,0.032752394676208496,223,456704,2089.29719001599,456704
1000.0,1136.63223154,222,0.026528012,0.32797852,4.8239074,-0.014460308,0.00115444,0.019897543,0.1973416805267334,224,458752,2098.495106232993,458752
1000.0,1138.9579132600002,222,0.02044375,0.2840332,4.822526,-0.012307038,-0.0010040117,0.020176316,0.13564449548721313,225,460800,2107.716282731999,460800
1000.0,1140.5951159699998,223,0.020967154,0.27871093,4.802931,-0.020410039,-0.007767378,0.01902344,0.36106133460998535,226,462848,2116.8992449139914,462848
1000.0,1141.98323905,220,0.022480298,0.2932129,4.766163,-0.020303803,-0.011855928,0.021118153,0.4922010898590088,227,464896,2126.168649301995,464896
1000.0,1146.36906527,223,0.01744868,0.24609375,4.754578,-0.015257922,0.012965813,0.019220633,0.039536118507385254,228,466944,2135.3433357189933,466944
1000.0,1150.8663207700001,223,0.02013977,0.27041015,4.790442,-0.02068236,-0.005256586,0.020737164,0.05060392618179321,229,468992,2144.522907210994,468992
1000.0,1155.49397047,221,0.023562305,0.2935547,4.7514334,-0.011595729,0.0055878875,0.025709394,0.2973511219024658,230,471040,2153.7721694889915,471040
1000.0,1159.6555460299999,223,0.020773258,0.2852539,4.722468,-0.018130513,-0.002455891,0.020684863,0.11448860168457031,231,473088,2162.937044909995,473088
1000.0,1162.34013472,221,0.018277261,0.24746093,4.712109,-0.01691997,0.0018838808,0.020305574,0.16678011417388916,232,475136,2172.168120477989,475136
1000.0,1165.68274241,223,0.02005588,0.2619629,4.7066736,-0.022677934,-0.004313229,0.021264674,0.27818983793258667,233,477184,2181.337322249994,477184
1000.0,1169.1896639499998,223,0.015230496,0.20756836,4.699854,-0.01742904,0.0015941549,0.022192873,0.307181715965271,234,479232,2190.4859226049884,479232
1000.0,1171.0833601900001,221,0.0192644,0.2665039,4.6957965,-0.017865142,-0.0017647712,0.022021811,0.23412013053894043,235,481280,2199.7231828459917,481280
1000.0,1174.73859401,224,0.021626504,0.29365236,4.7360926,-0.021393428,-0.0035967093,0.020883517,0.4159806966781616,236,483328,2208.864627957999,483328
1000.0,1176.41554346,222,0.022667617,0.2840332,4.7009997,-0.016683128,-0.0005815194,0.022277435,0.30078285932540894,237,485376,2218.0667205069913,485376
1000.0,1178.59508456,223,0.019773804,0.26816407,4.697099,-0.01489711,-0.008584323,0.022343285,0.17845523357391357,238,487424,2227.2168804029934,487424
1000.0,1180.9638504700001,224,0.018076908,0.24453124,4.6896634,-0.01235717,-0.0038079116,0.020989824,0.15674424171447754,239,489472,2236.3533475529985,489472
1000.0,1183.28611596,223,0.021440102,0.28847656,4.6910315,-0.016266879,-0.007614395,0.021531116,0.10110169649124146,240,491520,2245.5254414019873,491520
1000.0,1186.86662944,224,0.019851882,0.25810546,4.687331,-0.014532464,0.004586399,0.02117715,0.08060300350189209,241,493568,2254.649625273989,493568
1000.0,1188.70863451,223,0.022310624,0.2857422,4.682511,-0.01271656,-0.0034254838,0.020384604,0.09746319055557251,242,495616,2263.8018239569938,495616
1000.0,1190.92705123,223,0.023655567,0.31342775,4.6641874,-0.013981076,-0.0039003592,0.019546831,0.07563334703445435,243,497664,2272.9740960309864,497664
1000.0,1191.7723167400002,223,0.01977985,0.26274413,4.658371,-0.020036269,-0.02035014,0.021185895,0.37100857496261597,244,499712,2282.146867699994,499712
1000.0,1194.2414364200001,222,0.021656971,0.2727539,4.658512,-0.016419146,0.0048777005,0.020144645,0.16573190689086914,245,501760,2291.3584664989903,501760
1000.0,1197.83370279,224,0.019682331,0.26787108,4.652016,-0.020587683,0.004017788,0.02153411,0.406660258769989,246,503808,2300.4953983629966,503808
1000.0,1197.5521321100002,222,0.016679738,0.23764649,4.6437845,-0.016823474,0.0022501422,0.019935608,0.11925989389419556,247,505856,2309.684632608987,505856
1000.0,1200.57060827,222,0.017047046,0.23398438,4.643934,-0.022640545,-0.003953797,0.021562198,0.13953423500061035,248,507904,2318.8958311489987,507904
1000.0,1202.47010091,223,0.01610948,0.23125,4.634864,-0.014456478,0.0030969207,0.019683836,0.03169363737106323,249,509952,2328.0491283259908,509952
1000.0,1205.60390876,221,0.017269706,0.2324707,4.66143,-0.01661987,0.00037029237,0.027955323,0.06610441207885742,250,512000,2337.2770027009974,512000
1000.0,1207.6356508300003,223,0.02020008,0.26279297,4.646361,-0.021666804,-0.008445267,0.01980943,0.2580620050430298,251,514048,2346.4355945879943,514048
1000.0,1205.97682051,223,0.016979445,0.24453124,4.623644,-0.018712338,0.0027567162,0.020838818,0.258880615234375,252,516096,2355.5976168449997,516096
1000.0,1208.73659711,221,0.018359363,0.25883788,4.6277986,-0.02094425,-0.0068434887,0.019065557,0.2589014172554016,253,518144,2364.845293046994,518144
1000.0,1210.10696797,224,0.021477925,0.29350585,4.6449237,-0.016778797,-0.0050246306,0.021013737,0.16244125366210938,254,520192,2373.973263489999,520192
1000.0,1211.90380217,223,0.01725534,0.23881836,4.621855,-0.01814804,-0.00063931866,0.020733926,0.17483729124069214,255,522240,2383.145640592993,522240
1000.0,1213.16307217,227,0.01790395,0.2515625,4.616702,-0.01429984,0.0018449845,0.020495802,0.1145322322845459,256,524288,2392.1453348259965,524288
1000.0,1215.65337339,229,0.018615821,0.25864258,4.589185,-0.018184913,-0.006917053,0.021495368,0.06890654563903809,257,526336,2401.077858891993,526336
1000.0,1216.75024425,228,0.020059925,0.27543944,4.6276655,-0.017838208,-0.004724186,0.020755036,0.07927775382995605,258,528384,2410.032832248995,528384
1000.0,1217.09349569,230,0.01978463,0.24956055,4.5840197,-0.011192446,0.00392411,0.020002883,0.16109448671340942,259,530432,2418.9215468069888,530432
1000.0,1217.9282305000002,230,0.0177518,0.24287109,4.6160088,-0.017956907,-0.006049506,0.02096979,0.13474887609481812,260,532480,2427.819106210998,532480
1000.0,1221.29838953,230,0.020112678,0.26489258,4.600909,-0.020011943,0.0031024436,0.021969859,0.17729514837265015,261,534528,2436.696016873,534528
1000.0,1222.745768,228,0.019102855,0.260791,4.5836864,-0.013356142,-0.0092423,0.021130355,0.10431498289108276,262,536576,2445.643178442988,536576
1000.0,1224.9212644499996,219,0.01856635,0.26870117,4.5663342,-0.017230438,0.0075201616,0.021271775,0.15452802181243896,263,538624,2454.9843851149926,538624
1000.0,1226.0513971700002,228,0.01837158,0.2631836,4.59278,-0.014274245,-0.00314487,0.019981317,0.15128177404403687,264,540672,2463.9418529939867,540672
1000.0,1229.05250558,228,0.023810614,0.2859375,4.553948,-0.010393062,-0.0029603108,0.021492606,0.14077281951904297,265,542720,2472.9127636979974,542720
1000.0,1231.88257811,229,0.020680774,0.2788086,4.575433,-0.0138725685,-0.0006386855,0.02226515,0.18151074647903442,266,544768,2481.8225869519956,544768
1000.0,1232.8457802199998,229,0.01764827,0.24985352,4.545208,-0.0156946,-0.0032600597,0.02067309,0.059327125549316406,267,546816,2490.7368784149876,546816
1000.0,1233.77313545,229,0.018791439,0.2520508,4.5713887,-0.022783734,0.0013040525,0.020643068,0.08790993690490723,268,548864,2499.676128741994,548864
1000.0,1234.35289089,229,0.020915449,0.28164062,4.5505457,-0.016891373,0.0003464566,0.020214556,0.1265120506286621,269,550912,2508.5922129969986,550912
1000.0,1235.8854846,229,0.018862344,0.26455078,4.5313706,-0.01499158,0.0019659258,0.020577092,0.10215091705322266,270,552960,2517.5281510389905,552960
1000.0,1237.04234496,229,0.019748334,0.26289064,4.545602,-0.015987597,-0.0049586585,0.028812569,0.08984988927841187,271,555008,2526.4366436499986,555008
1000.0,1239.1074281299998,229,0.01714446,0.23896484,4.5513067,-0.016451815,0.004691275,0.018969301,0.06333780288696289,272,557056,2535.349726386994,557056
1000.0,1241.4438054999998,229,0.017101448,0.23891601,4.547578,-0.013480152,-0.0058548213,0.019779216,0.0765763521194458,273,559104,2544.2622241569916,559104
1000.0,1243.54347169,230,0.018347489,0.24589844,4.518136,-0.015412621,-0.0051919217,0.020770518,0.10776501893997192,274,561152,2553.167117322999,561152
1000.0,1247.21510364,229,0.019066688,0.26899415,4.531391,-0.021664912,0.00038221118,0.020661103,0.09765595197677612,275,563200,2562.0766351739876,563200
1000.0,1249.8423856999998,231,0.017528113,0.2527832,4.5238466,-0.013924422,-0.003345405,0.020783406,0.09791231155395508,276,565248,2570.9373863899964,565248
1000.0,1250.6903404900002,229,0.01737367,0.23969726,4.523647,-0.020031897,0.00029543453,0.021311201,0.1297789216041565,277,567296,2579.872612148989,567296
1000.0,1251.5198890700003,228,0.017467909,0.24165039,4.5228252,-0.01663951,-0.0017984795,0.022196723,0.2015070915222168,278,569344,2588.8325967619894,569344
1000.0,1252.70120984,229,0.020852547,0.28232422,4.499406,-0.01724124,-0.0041936985,0.022557756,0.14297330379486084,279,571392,2597.762563722994,571392
1000.0,1254.59327458,228,0.019904178,0.27182618,4.517016,-0.015227495,-0.0041919975,0.021063423,0.12796610593795776,280,573440,2606.7081408939994,573440
1000.0,1256.78928243,229,0.022483885,0.27563477,4.4671545,-0.017455436,0.0011299357,0.02172305,0.12200355529785156,281,575488,2615.6358661429986,575488
1000.0,1257.46675102,230,0.02162021,0.2870117,4.450821,-0.016143927,-0.002528752,0.021667683,0.1702703833580017,282,577536,2624.5339147489867,577536
1000.0,1259.08859446,229,0.019764606,0.26030272,4.4655313,-0.016560573,-0.0052779703,0.022032455,0.21351122856140137,283,579584,2633.4772171919903,579584
1000.0,1259.14993107,229,0.017909303,0.24199219,4.5181646,-0.015743803,-0.0041226735,0.02336603,0.3152512311935425,284,581632,2642.406759272999,581632
1000.0,1262.25288764,228,0.021063296,0.28374022,4.47351,-0.019029805,0.0007184795,0.022195416,0.15175771713256836,285,583680,2651.3639384179987,583680
1000.0,1264.58878854,229,0.022912933,0.3119629,4.519376,-0.013485025,-0.0043220944,0.023278046,0.17879903316497803,286,585728,2660.2864106389898,585728
1000.0,1265.43254015,229,0.020466983,0.25839844,4.4851027,-0.019725697,-0.008897407,0.02209374,0.33623719215393066,287,587776,2669.2120363659924,587776
1000.0,1266.65303463,230,0.01947226,0.26157227,4.456332,-0.010206575,-0.00021713712,0.02212632,-0.050946831703186035,288,589824,2678.1142872899945,589824
1000.0,1268.22012068,229,0.021721983,0.29174805,4.4928427,-0.013704084,-0.0066318377,0.020842865,0.08754748106002808,289,591872,2687.0548684499954,591872
1000.0,1271.11595751,228,0.021023542,0.28129882,4.503159,-0.01857442,0.007756001,0.020283658,0.05352973937988281,290,593920,2696.007687297999,593920
1000.0,1272.4428753799998,227,0.019728947,0.25703126,4.4809847,-0.013476091,-0.0012762523,0.02044316,0.18712639808654785,291,595968,2705.0199373969954,595968
1000.0,1273.18260778,228,0.016603405,0.23940429,4.4567423,-0.020096414,0.0016363661,0.029938692,0.08973050117492676,292,598016,2713.9825021709985,598016
1000.0,1275.4686113999999,227,0.015307421,0.22290039,4.4485354,-0.016195629,0.000950117,0.021317866,0.08294457197189331,293,600064,2722.9826903879875,600064
1000.0,1277.1315966,227,0.016253704,0.22861329,4.454852,-0.013957838,-0.0014823972,0.022156468,0.08683007955551147,294,602112,2731.9700665769924,602112
1000.0,1278.1148827099998,223,0.017763106,0.2572754,4.443437,-0.020455413,0.00041518454,0.02075642,0.05057805776596069,295,604160,2741.116438744997,604160
1000.0,1279.37317124,229,0.020440377,0.2694336,4.432825,-0.011987349,-0.00023271811,0.021610102,0.11224061250686646,296,606208,2750.046256472997,606208
1000.0,1279.26044924,229,0.021455854,0.28217775,4.4246526,-0.0123371035,-0.005184525,0.021596331,0.11498808860778809,297,608256,2758.9860226019955,608256
1000.0,1280.90633978,227,0.019529166,0.25253907,4.4269056,-0.016290862,0.0020976074,0.021435175,0.19623583555221558,298,610304,2767.990726775999,610304
1000.0,1282.2029589899998,229,0.020137157,0.2680176,4.437071,-0.017099392,-0.004558837,0.021880802,0.31433236598968506,299,612352,2776.911306285998,612352
1000.0,1281.60507,228,0.015961971,0.22875977,4.425316,-0.016982818,0.006416102,0.020473057,0.13402777910232544,300,614400,2785.867646695988,614400
1000.0,1285.22002487,230,0.0202893,0.2706543,4.4249854,-0.015007703,-0.0040848455,0.021833614,0.18600976467132568,301,616448,2794.7477539379906,616448
1000.0,1285.64484562,225,0.018385591,0.2565918,4.441066,-0.01674351,0.001596438,0.020947404,0.022957444190979004,302,618496,2803.8251722649875,618496
1000.0,1288.13476241,230,0.018503953,0.2536621,4.4226665,-0.018169818,0.00048945297,0.02074175,0.08702003955841064,303,620544,2812.723244388995,620544
1000.0,1289.50623892,229,0.020345153,0.28339845,4.4618497,-0.018953925,-0.0055474625,0.021299187,0.11224454641342163,304,622592,2821.6623348779976,622592
1000.0,1289.39074676,229,0.019225087,0.25947267,4.423911,-0.020554336,0.0010181284,0.020740427,0.20979350805282593,305,624640,2830.6047363449907,624640
1000.0,1289.14564724,230,0.016003586,0.22270508,4.448639,-0.019516805,9.9237586e-05,0.02066586,0.11524736881256104,306,626688,2839.504489422994,626688
1000.0,1290.32677049,229,0.016605865,0.23881836,4.4342203,-0.016630739,0.0016530852,0.02171158,0.2100340723991394,307,628736,2848.4449667439912,628736
1000.0,1291.52298377,229,0.017447148,0.2354004,4.422777,-0.022714283,-0.0028325343,0.02073522,0.058859825134277344,308,630784,2857.3543141369883,630784
1000.0,1293.20887231,230,0.018328864,0.2571289,4.417659,-0.017753161,0.0001780979,0.021155378,0.0667184591293335,309,632832,2866.235464500991,632832
1000.0,1294.7354446699999,229,0.01677245,0.23891601,4.409394,-0.016578821,-0.0026887243,0.020642545,0.053350865840911865,310,634880,2875.1668188269978,634880
1000.0,1294.62115946,229,0.018498713,0.2614258,4.4095693,-0.017063517,-0.0030406439,0.022188853,0.2352818250656128,311,636928,2884.0854408469895,636928
1000.0,1295.2416306599998,229,0.016917434,0.23115234,4.4148607,-0.016200237,0.006030089,0.021497149,0.1475369930267334,312,638976,2893.0173698929866,638976
1000.0,1297.28684731,229,0.014333963,0.20800781,4.407551,-0.013714276,-0.0002323188,0.030013982,0.09573638439178467,313,641024,2901.941571831994,641024
1000.0,1298.50232969,229,0.015011987,0.21904297,4.4043784,-0.014995148,-0.0017730951,0.020814806,0.10873013734817505,314,643072,2910.866535096997,643072
1000.0,1298.2611029799998,228,0.01677887,0.23554687,4.4093785,-0.015967272,-0.0012073054,0.020311292,0.11186891794204712,315,645120,2919.8276716869877,645120
1000.0,1300.2670855499998,230,0.01754536,0.2538086,4.397985,-0.020393508,-0.014660883,0.021339891,0.2699970006942749,316,647168,2928.7322833910002,647168
1000.0,1302.0520526199998,229,0.016185855,0.23198242,4.410664,-0.016710294,-0.0017346477,0.021755543,0.1425418257713318,317,649216,2937.6595992339862,649216
1000.0,1302.49341516,230,0.015904969,0.22827148,4.3964844,-0.018112686,-0.0036025133,0.020202031,0.1111411452293396,318,651264,2946.563233863999,651264
1000.0,1305.33100576,229,0.021138038,0.2828125,4.40491,-0.020060064,0.000985307,0.020815419,0.3097904920578003,319,653312,2955.479780753987,653312
1000.0,1305.90470107,228,0.016291473,0.23999023,4.412033,-0.018206108,-0.004937454,0.021234427,0.03987741470336914,320,655360,2964.426418538991,655360
1000.0,1309.5056496800003,230,0.015464008,0.22709961,4.3983526,-0.017287,-0.0050172866,0.020979932,0.22194284200668335,321,657408,2973.3297086429957,657408
1000.0,1311.1120781999998,229,0.016435746,0.2359375,4.3748035,-0.018122466,0.0052615823,0.021885986,0.07198947668075562,322,659456,2982.251761749998,659456
1000.0,1312.2382125800002,230,0.015724022,0.22080079,4.363183,-0.018884858,0.002375185,0.022499977,0.07375216484069824,323,661504,2991.138036421995,661504
1000.0,1312.8953691600002,229,0.017730936,0.24477538,4.3712597,-0.020025376,-0.006045822,0.020729223,0.06501609086990356,324,663552,3000.0577200589905,663552
1000.0,1312.2480275199998,228,0.018251833,0.26176757,4.40636,-0.017378736,0.004455014,0.02201013,0.13581645488739014,325,665600,3009.023874998995,665600
1000.0,1313.7426421,230,0.01814941,0.23940429,4.3967633,-0.016781889,0.0055023963,0.021707127,0.1996801495552063,326,667648,3017.896134507988,667648
1000.0,1313.90647978,226,0.018499497,0.25102538,4.4062634,-0.021151826,-0.0029927127,0.021716272,0.12557268142700195,327,669696,3026.9513689179876,669696
1000.0,1316.2497082300001,229,0.015887603,0.22426757,4.404762,-0.015985405,0.001509109,0.021045709,0.10429370403289795,328,671744,3035.859064613993,671744
1000.0,1316.2805809600002,229,0.015113029,0.21801758,4.390618,-0.017628664,-0.0038533523,0.021505801,0.08759278059005737,329,673792,3044.7902870260004,673792
1000.0,1316.32677586,229,0.019323507,0.26435548,4.3960953,-0.016631301,-0.002985661,0.02193683,0.07601964473724365,330,675840,3053.703824131997,675840
1000.0,1317.8925685999995,229,0.016684813,0.23374024,4.3839254,-0.017078333,0.0052839424,0.021397792,0.03748130798339844,331,677888,3062.641534657989,677888
1000.0,1318.05127657,228,0.014601891,0.2168457,4.3699465,-0.01530184,-0.0039828704,0.020729022,0.1076502799987793,332,679936,3071.5999221899983,679936
1000.0,1319.41704082,230,0.017757276,0.25527343,4.392791,-0.018454308,0.0029539198,0.021078497,0.1749323010444641,333,681984,3080.4968357039907,681984
1000.0,1319.65853983,229,0.017248945,0.24287109,4.363475,-0.016129415,0.0018163619,0.030086163,0.18192631006240845,334,684032,3089.4132470139884,684032
1000.0,1319.94778446,229,0.018143348,0.24296875,4.3732476,-0.01610348,0.000465211,0.022231773,0.1652050018310547,335,686080,3098.3299968079955,686080
1000.0,1320.1564806000001,229,0.01584656,0.22661133,4.355591,-0.016093256,-1.3527094e-05,0.022267383,0.09358501434326172,336,688128,3107.2498286499904,688128
1000.0,1320.78233174,228,0.016540822,0.22700195,4.354207,-0.016424498,-0.0027749338,0.021636885,0.07319360971450806,337,690176,3116.207453938987,690176
1000.0,1320.32067003,229,0.014443664,0.20341797,4.3516917,-0.02045812,0.00039856666,0.022146475,0.1925489902496338,338,692224,3125.1170662779914,692224
1000.0,1319.34954944,229,0.014211053,0.19941406,4.3338957,-0.01739893,0.0024147243,0.021364413,0.06906098127365112,339,694272,3134.0475373909867,694272
1000.0,1320.06749423,229,0.017338766,0.24067383,4.3545704,-0.012310276,-0.004705978,0.021506514,0.0688166618347168,340,696320,3142.972438216995,696320
1000.0,1321.1502357500003,229,0.018191485,0.24648437,4.3071527,-0.016024822,-0.0020559921,0.02248276,0.14038777351379395,341,698368,3151.899244729997,698368
1000.0,1321.89037674,228,0.01704434,0.2166504,4.2957187,-0.015306955,-0.002477679,0.023223627,0.13302910327911377,342,700416,3160.854595133991,700416
1000.0,1322.34446112,230,0.017136905,0.2496582,4.349843,-0.016744113,-0.00680008,0.022302251,0.12749922275543213,343,702464,3169.7549032929965,702464
1000.0,1322.6399615000003,229,0.01566862,0.21723633,4.342032,-0.01655839,0.0038670078,0.021026786,0.028789401054382324,344,704512,3178.673157281999,704512
1000.0,1322.6263859699998,229,0.014470356,0.19990234,4.3258185,-0.017823506,-0.0010361018,0.020191763,0.04853856563568115,345,706560,3187.597576945991,706560
1000.0,1322.88857011,229,0.01461157,0.21279296,4.3232923,-0.018467706,-0.0007545198,0.021404611,0.11582159996032715,346,708608,3196.516329318998,708608
1000.0,1324.3790620999998,228,0.014825167,0.2144043,4.3241816,-0.014952074,-0.0031967848,0.021976518,0.13544636964797974,347,710656,3205.4647774669866,710656
1000.0,1326.5104323100002,230,0.013666889,0.19536133,4.3063984,-0.017066453,-0.0042151217,0.02194207,0.04289776086807251,348,712704,3214.359088844998,712704
1000.0,1329.7513926999998,229,0.015176105,0.21699218,4.3034415,-0.01597222,0.0007025717,0.021415906,0.04041159152984619,349,714752,3223.2985540559894,714752
1000.0,1330.19399103,230,0.016220588,0.22353515,4.284263,-0.014942316,-0.00076255115,0.02146076,0.0485650897026062,350,716800,3232.1764825459977,716800
1000.0,1329.81607016,229,0.01834876,0.25610352,4.2891154,-0.02036194,-0.007781261,0.022711221,0.2798071503639221,351,718848,3241.09287050899,718848
1000.0,1329.7574727100002,229,0.018302273,0.2544922,4.3003774,-0.018964943,0.006455317,0.022618178,0.4043561816215515,352,720896,3250.030756384993,720896
1000.0,1329.67668053,229,0.015339869,0.22294922,4.302959,-0.020291345,-0.004422644,0.022269698,0.4838884472846985,353,722944,3258.9444657939894,722944
1000.0,1330.65373036,228,0.014897885,0.20942383,4.2992716,-0.016586902,0.008762051,0.021818956,0.02835977077484131,354,724992,3267.9036433069996,724992
1000.0,1332.2120327700002,229,0.013419369,0.18598633,4.299296,-0.012833295,-0.0016399783,0.029238965,0.1543062925338745,355,727040,3276.8213511229987,727040
1000.0,1333.66368475,229,0.012722172,0.17949219,4.2970524,-0.017810112,-0.0030167045,0.021958683,0.0846981406211853,356,729088,3285.7466217929905,729088
1000.0,1334.37441816,229,0.013225196,0.1956543,4.2800307,-0.018482728,0.0055696256,0.022232762,0.052104175090789795,357,731136,3294.6847296880005,731136
1000.0,1335.1760219899998,230,0.013976829,0.20327148,4.2703433,-0.016216962,-0.0036907927,0.021585956,0.07085448503494263,358,733184,3303.569469141992,733184
1000.0,1334.32581415,229,0.0135175185,0.18833008,4.2649717,-0.016567985,-0.010748396,0.022694614,0.3190823793411255,359,735232,3312.5112066309957,735232
1000.0,1337.2724889,230,0.013128003,0.1878418,4.265304,-0.015540953,-0.008286829,0.022589903,0.04572385549545288,360,737280,3321.415137432996,737280
1000.0,1337.9312473199998,229,0.013293721,0.18999024,4.261797,-0.022596326,0.0128154885,0.02357196,0.34711796045303345,361,739328,3330.343536729997,739328
1000.0,1336.737826,228,0.014117901,0.20092773,4.254916,-0.015474364,-0.0013285491,0.022973455,0.17541438341140747,362,741376,3339.3230668920005,741376
1000.0,1336.5036476899998,230,0.014969039,0.21791992,4.2564726,-0.012155989,-0.002093893,0.021478914,0.05300980806350708,363,743424,3348.211799685989,743424
1000.0,1338.7606377300003,229,0.013435203,0.19033203,4.2468877,-0.015176991,0.002197398,0.022419598,0.0720822811126709,364,745472,3357.145155918988,745472
1000.0,1340.34460882,229,0.013840675,0.20024414,4.249704,-0.016015116,-0.0032441833,0.022873785,0.11742711067199707,365,747520,3366.0584803319944,747520
1000.0,1340.0122958800002,228,0.012327613,0.1807129,4.2377577,-0.01703447,-0.0020342413,0.02289716,0.20478010177612305,366,749568,3375.0378314079862,749568
1000.0,1341.71244894,228,0.013625811,0.19794922,4.23001,-0.016825208,-0.00019158707,0.021619268,0.0781717300415039,367,751616,3384.009900360994,751616
1000.0,1341.3867145200002,229,0.013248007,0.18095703,4.254117,-0.014219615,-0.002198963,0.022738602,0.11249607801437378,368,753664,3392.9315502349928,753664
1000.0,1343.62886142,228,0.012784054,0.18964843,4.2275496,-0.01961893,-0.0031953815,0.022069782,0.1148340106010437,369,755712,3401.907690287,755712
1000.0,1342.4763678099998,228,0.012801597,0.17241211,4.2574987,-0.01396873,-0.0009815273,0.022739733,0.05995750427246094,370,757760,3410.884101137999,757760
1000.0,1344.04347576,229,0.011467138,0.1699707,4.2574844,-0.01547162,0.0012685551,0.02313795,0.09529393911361694,371,759808,3419.800784362,759808
1000.0,1344.26973703,222,0.011514108,0.16982421,4.2557387,-0.017055111,-0.0014022342,0.02258722,0.04824209213256836,372,761856,3428.999718574996,761856
1000.0,1344.96788067,229,0.014716046,0.20913085,4.213849,-0.016359732,0.00014921286,0.022358716,0.11382728815078735,373,763904,3437.910881669988,763904
1000.0,1345.7902024200002,229,0.014922483,0.21860352,4.2523017,-0.022244742,-0.0018536396,0.023173947,0.2792765498161316,374,765952,3446.8287722549867,765952
1000.0,1347.30561711,230,0.012675906,0.18828125,4.241489,-0.015893718,0.004983496,0.032702178,0.1984303593635559,375,768000,3455.7214987429907,768000
1000.0,1349.33056518,227,0.014473164,0.21113281,4.218526,-0.013247403,-0.0002597069,0.023591703,0.29287225008010864,376,770048,3464.7279932699894,770048
1000.0,1350.8105549799998,225,0.0109841395,0.15551758,4.224211,-0.016582131,-0.0008279669,0.024833646,0.14675182104110718,377,772096,3473.804794907992,772096
1000.0,1351.00749563,229,0.012426676,0.18457031,4.2221475,-0.01710755,0.000516372,0.023589928,0.07062095403671265,378,774144,3482.71627566799,774144
1000.0,1351.17921293,228,0.01139705,0.16791992,4.2119336,-0.012059891,-0.0026941,0.02332356,0.0868387222290039,379,776192,3491.6679227789864,776192
1000.0,1352.0242342700003,230,0.014040513,0.19570312,4.213552,-0.01718635,-0.0070410683,0.02271847,0.08392566442489624,380,778240,3500.5611479429936,778240
1000.0,1353.3238904700004,230,0.012582304,0.1774414,4.205681,-0.013488826,0.006003629,0.022188835,0.10977989435195923,381,780288,3509.458472017999,780288
1000.0,1355.0654135800003,229,0.01375469,0.19589844,4.1973224,-0.01376151,0.0015803654,0.022465741,0.0851401686668396,382,782336,3518.3700995359977,782336
1000.0,1354.7171311200002,229,0.013581721,0.19731446,4.2111974,-0.017525705,0.0032251342,0.024111815,0.28450554609298706,383,784384,3527.3018679119996,784384
1000.0,1357.1017313099996,230,0.010962431,0.16430664,4.210774,-0.017117517,-0.0002620257,0.022536898,0.07809317111968994,384,786432,3536.2072379210003,786432
1000.0,1360.42076374,229,0.011712513,0.16870117,4.192643,-0.014669193,-0.003715086,0.024044756,0.14374947547912598,385,788480,3545.127998361,788480
1000.0,1360.8772359499999,229,0.0122743705,0.1793457,4.1985235,-0.017489571,-0.0025815219,0.022775788,0.17977899312973022,386,790528,3554.0454788469942,790528
